asset_id,asset_type,location_tag,installation_date,manufacturing_year,age_years,ahi,probability_of_failure,cof_class,cof_value_aed,risk_aed_per_year
AST3000,Switchgear,SUB_NORTH,2020-01-01,2017,6,2,0.03,C3,26231 AED,786.93 AED
AST3001,Switchgear,SUB_SOUTH,1992-01-01,1992,34,5,0.3,C2,17175 AED,5152.5 AED
AST3002,Protection_Relay,SUB_NORTH,1991-01-01,1988,35,5,0.3,C2,13922 AED,4176.6 AED
AST3003,Switchgear,SUB_CENTRAL,2005-01-01,2005,21,4,0.15,C4,36766 AED,5514.9 AED
AST3004,Distribution_Transformer,SUB_NORTH,1990-01-01,1988,36,5,0.3,C4,47062 AED,14118.6 AED
AST3005,Circuit_Breaker,SUB_SOUTH,2016-01-01,2016,10,2,0.03,C3,25697 AED,770.91 AED
AST3006,Circuit_Breaker,SUB_EAST,1993-01-01,1992,33,5,0.3,C3,29571 AED,8871.3 AED
AST3007,Circuit_Breaker,SUB_EAST,2008-01-01,2005,18,3,0.07,C3,28221 AED,1975.47 AED
AST3008,Power_Transformer,SUB_NORTH,2007-01-01,2006,19,3,0.07,C1,6864 AED,480.48 AED
AST3009,Distribution_Transformer,SUB_WEST,2022-01-01,2022,4,1,0.01,C2,19112 AED,191.12 AED
AST3010,Feeder_Cable,SUB_SOUTH,2008-01-01,2008,18,3,0.07,C3,27007 AED,1890.49 AED
AST3011,Switchgear,SUB_CENTRAL,1996-01-01,1993,30,4,0.15,C3,31300 AED,4695.0 AED
AST3012,Protection_Relay,SUB_EAST,1991-01-01,1988,35,5,0.3,C4,42577 AED,12773.1 AED
AST3013,Circuit_Breaker,SUB_NORTH,2009-01-01,2009,17,3,0.07,C3,33001 AED,2310.07 AED
AST3014,Power_Transformer,SUB_WEST,1995-01-01,1993,31,5,0.3,C4,38129 AED,11438.7 AED
AST3015,Feeder_Cable,SUB_NORTH,1989-01-01,1989,37,5,0.3,C1,7526 AED,2257.8 AED
AST3016,Switchgear,SUB_SOUTH,2001-01-01,2001,25,4,0.15,C3,20185 AED,3027.75 AED
AST3017,Feeder_Cable,SUB_WEST,2003-01-01,2001,23,4,0.15,C4,35169 AED,5275.35 AED
AST3018,Circuit_Breaker,SUB_NORTH,2023-01-01,2020,3,1,0.01,C4,43312 AED,433.12 AED
AST3019,Feeder_Cable,SUB_SOUTH,2007-01-01,2006,19,3,0.07,C4,47770 AED,3343.9 AED
AST3020,Circuit_Breaker,SUB_NORTH,2008-01-01,2006,18,3,0.07,C3,21088 AED,1476.16 AED
AST3021,Switchgear,SUB_CENTRAL,2009-01-01,2007,17,3,0.07,C2,17809 AED,1246.63 AED
AST3022,Switchgear,SUB_NORTH,1990-01-01,1987,36,5,0.3,C3,21373 AED,6411.9 AED
AST3023,Switchgear,SUB_NORTH,1994-01-01,1993,32,5,0.3,C2,16709 AED,5012.7 AED
AST3024,Protection_Relay,SUB_EAST,2005-01-01,2005,21,4,0.15,C2,16610 AED,2491.5 AED
AST3025,Switchgear,SUB_WEST,1991-01-01,1988,35,5,0.3,C4,44608 AED,13382.4 AED
AST3026,Circuit_Breaker,SUB_CENTRAL,1992-01-01,1991,34,5,0.3,C2,12426 AED,3727.8 AED
AST3027,Distribution_Transformer,SUB_NORTH,2014-01-01,2011,12,3,0.07,C4,39590 AED,2771.3 AED
AST3028,Power_Transformer,SUB_EAST,2022-01-01,2019,4,1,0.01,C3,27621 AED,276.21 AED
AST3029,Switchgear,SUB_SOUTH,1996-01-01,1996,30,4,0.15,C4,49760 AED,7464.0 AED
AST3030,Protection_Relay,SUB_SOUTH,2009-01-01,2007,17,3,0.07,C2,18611 AED,1302.77 AED
AST3031,Switchgear,SUB_NORTH,2017-01-01,2014,9,2,0.03,C2,17754 AED,532.62 AED
AST3032,Distribution_Transformer,SUB_WEST,1993-01-01,1992,33,5,0.3,C1,5200 AED,1560.0 AED
AST3033,Switchgear,SUB_NORTH,2006-01-01,2006,20,3,0.07,C4,48294 AED,3380.58 AED
AST3034,Feeder_Cable,SUB_WEST,2014-01-01,2014,12,3,0.07,C3,21059 AED,1474.13 AED
AST3035,Feeder_Cable,SUB_CENTRAL,2010-01-01,2007,16,3,0.07,C2,11312 AED,791.84 AED
AST3036,Power_Transformer,SUB_WEST,2023-01-01,2020,3,1,0.01,C1,6621 AED,66.21 AED
AST3037,Protection_Relay,SUB_CENTRAL,2011-01-01,2009,15,3,0.07,C1,5713 AED,399.91 AED
AST3038,Feeder_Cable,SUB_CENTRAL,2006-01-01,2003,20,3,0.07,C3,27388 AED,1917.16 AED
AST3039,Feeder_Cable,SUB_CENTRAL,2018-01-01,2018,8,2,0.03,C2,17672 AED,530.16 AED
AST3040,Distribution_Transformer,SUB_CENTRAL,2017-01-01,2016,9,2,0.03,C3,20143 AED,604.29 AED
AST3041,Power_Transformer,SUB_NORTH,2021-01-01,2019,5,1,0.01,C4,44756 AED,447.56 AED
AST3042,Protection_Relay,SUB_CENTRAL,2020-01-01,2017,6,2,0.03,C2,10531 AED,315.93 AED
AST3043,Power_Transformer,SUB_NORTH,2022-01-01,2022,4,1,0.01,C2,17814 AED,178.14 AED
AST3044,Power_Transformer,SUB_EAST,1992-01-01,1991,34,5,0.3,C4,47037 AED,14111.1 AED
AST3045,Switchgear,SUB_WEST,2005-01-01,2003,21,4,0.15,C2,15144 AED,2271.6 AED
AST3046,Feeder_Cable,SUB_NORTH,2002-01-01,1999,24,4,0.15,C4,41173 AED,6175.95 AED
AST3047,Power_Transformer,SUB_SOUTH,2000-01-01,2000,26,4,0.15,C2,15188 AED,2278.2 AED
AST3048,Protection_Relay,SUB_WEST,2022-01-01,2022,4,1,0.01,C1,8594 AED,85.94 AED
AST3049,Feeder_Cable,SUB_SOUTH,2004-01-01,2001,22,4,0.15,C3,32108 AED,4816.2 AED
AST3050,Feeder_Cable,SUB_WEST,1994-01-01,1991,32,5,0.3,C4,43073 AED,12921.9 AED
AST3051,Power_Transformer,SUB_EAST,2003-01-01,2002,23,4,0.15,C3,21201 AED,3180.15 AED
AST3052,Protection_Relay,SUB_NORTH,2017-01-01,2014,9,2,0.03,C2,17960 AED,538.8 AED
AST3053,Distribution_Transformer,SUB_NORTH,2024-01-01,2023,2,1,0.01,C4,40404 AED,404.04 AED
AST3054,Switchgear,SUB_SOUTH,2023-01-01,2021,3,1,0.01,C4,48685 AED,486.85 AED
AST3055,Power_Transformer,SUB_NORTH,2012-01-01,2011,14,3,0.07,C4,49220 AED,3445.4 AED
AST3056,Protection_Relay,SUB_EAST,2010-01-01,2008,16,3,0.07,C4,36271 AED,2538.97 AED
AST3057,Protection_Relay,SUB_CENTRAL,1997-01-01,1997,29,4,0.15,C2,12567 AED,1885.05 AED
AST3058,Protection_Relay,SUB_NORTH,1990-01-01,1987,36,5,0.3,C3,26401 AED,7920.3 AED
AST3059,Switchgear,SUB_WEST,1988-01-01,1987,38,5,0.3,C3,21959 AED,6587.7 AED
AST3060,Circuit_Breaker,SUB_SOUTH,2003-01-01,2002,23,4,0.15,C3,26221 AED,3933.15 AED
AST3061,Distribution_Transformer,SUB_NORTH,1996-01-01,1995,30,4,0.15,C1,9567 AED,1435.05 AED
AST3062,Power_Transformer,SUB_CENTRAL,1996-01-01,1993,30,4,0.15,C4,49660 AED,7449.0 AED
AST3063,Power_Transformer,SUB_SOUTH,2010-01-01,2009,16,3,0.07,C3,33600 AED,2352.0 AED
AST3064,Circuit_Breaker,SUB_SOUTH,1998-01-01,1998,28,4,0.15,C4,42509 AED,6376.35 AED
AST3065,Power_Transformer,SUB_WEST,2017-01-01,2016,9,2,0.03,C2,19318 AED,579.54 AED
AST3066,Switchgear,SUB_EAST,2002-01-01,2001,24,4,0.15,C3,31082 AED,4662.3 AED
AST3067,Distribution_Transformer,SUB_NORTH,2006-01-01,2005,20,3,0.07,C4,40635 AED,2844.45 AED
AST3068,Protection_Relay,SUB_EAST,2017-01-01,2015,9,2,0.03,C3,34179 AED,1025.37 AED
AST3069,Distribution_Transformer,SUB_NORTH,2019-01-01,2016,7,2,0.03,C3,32309 AED,969.27 AED
AST3070,Power_Transformer,SUB_NORTH,1999-01-01,1999,27,4,0.15,C3,31908 AED,4786.2 AED
AST3071,Feeder_Cable,SUB_SOUTH,1997-01-01,1997,29,4,0.15,C4,35113 AED,5266.95 AED
AST3072,Switchgear,SUB_EAST,2017-01-01,2015,9,2,0.03,C4,46930 AED,1407.9 AED
AST3073,Circuit_Breaker,SUB_NORTH,2006-01-01,2004,20,3,0.07,C2,13792 AED,965.44 AED
AST3074,Circuit_Breaker,SUB_NORTH,2011-01-01,2009,15,3,0.07,C2,12634 AED,884.38 AED
AST3075,Feeder_Cable,SUB_CENTRAL,1993-01-01,1991,33,5,0.3,C4,43999 AED,13199.7 AED
AST3076,Feeder_Cable,SUB_NORTH,2018-01-01,2016,8,2,0.03,C4,39785 AED,1193.55 AED
AST3077,Protection_Relay,SUB_CENTRAL,2011-01-01,2009,15,3,0.07,C1,9934 AED,695.38 AED
AST3078,Circuit_Breaker,SUB_WEST,1997-01-01,1995,29,4,0.15,C2,11718 AED,1757.7 AED
AST3079,Protection_Relay,SUB_NORTH,2019-01-01,2016,7,2,0.03,C2,14875 AED,446.25 AED
AST3080,Power_Transformer,SUB_NORTH,2022-01-01,2022,4,1,0.01,C3,24378 AED,243.78 AED
AST3081,Circuit_Breaker,SUB_WEST,2015-01-01,2013,11,3,0.07,C2,17387 AED,1217.09 AED
AST3082,Distribution_Transformer,SUB_WEST,1996-01-01,1996,30,4,0.15,C3,25145 AED,3771.75 AED
AST3083,Protection_Relay,SUB_CENTRAL,1988-01-01,1985,38,5,0.3,C4,40756 AED,12226.8 AED
AST3084,Distribution_Transformer,SUB_EAST,1992-01-01,1989,34,5,0.3,C3,31837 AED,9551.1 AED
AST3085,Protection_Relay,SUB_EAST,1986-01-01,1986,40,5,0.3,C3,21341 AED,6402.3 AED
AST3086,Power_Transformer,SUB_WEST,1987-01-01,1986,39,5,0.3,C4,39507 AED,11852.1 AED
AST3087,Switchgear,SUB_EAST,2001-01-01,2001,25,4,0.15,C4,44421 AED,6663.15 AED
AST3088,Switchgear,SUB_WEST,2013-01-01,2011,13,3,0.07,C2,19918 AED,1394.26 AED
AST3089,Power_Transformer,SUB_NORTH,1990-01-01,1989,36,5,0.3,C4,39077 AED,11723.1 AED
AST3090,Power_Transformer,SUB_NORTH,1998-01-01,1995,28,4,0.15,C4,36834 AED,5525.1 AED
AST3091,Circuit_Breaker,SUB_NORTH,1989-01-01,1988,37,5,0.3,C4,49866 AED,14959.8 AED
AST3092,Feeder_Cable,SUB_NORTH,2021-01-01,2020,5,1,0.01,C2,15857 AED,158.57 AED
AST3093,Protection_Relay,SUB_EAST,2020-01-01,2019,6,2,0.03,C4,39993 AED,1199.79 AED
AST3094,Protection_Relay,SUB_WEST,1997-01-01,1995,29,4,0.15,C3,21969 AED,3295.35 AED
AST3095,Feeder_Cable,SUB_WEST,1997-01-01,1997,29,4,0.15,C4,49326 AED,7398.9 AED
AST3096,Switchgear,SUB_EAST,2004-01-01,2003,22,4,0.15,C1,9532 AED,1429.8 AED
AST3097,Distribution_Transformer,SUB_SOUTH,2020-01-01,2018,6,2,0.03,C2,10061 AED,301.83 AED
AST3098,Switchgear,SUB_CENTRAL,2007-01-01,2006,19,3,0.07,C3,24963 AED,1747.41 AED
AST3099,Protection_Relay,SUB_WEST,2015-01-01,2015,11,3,0.07,C1,5349 AED,374.43 AED
AST3100,Circuit_Breaker,SUB_WEST,2008-01-01,2007,18,3,0.07,C4,46666 AED,3266.62 AED
AST3101,Circuit_Breaker,SUB_CENTRAL,2023-01-01,2020,3,1,0.01,C3,32153 AED,321.53 AED
AST3102,Feeder_Cable,SUB_NORTH,2019-01-01,2019,7,2,0.03,C4,44553 AED,1336.59 AED
AST3103,Circuit_Breaker,SUB_NORTH,2019-01-01,2016,7,2,0.03,C4,44155 AED,1324.65 AED
AST3104,Feeder_Cable,SUB_NORTH,2004-01-01,2002,22,4,0.15,C2,18250 AED,2737.5 AED
AST3105,Power_Transformer,SUB_WEST,1993-01-01,1991,33,5,0.3,C3,20018 AED,6005.4 AED
AST3106,Protection_Relay,SUB_SOUTH,1989-01-01,1986,37,5,0.3,C3,20121 AED,6036.3 AED
AST3107,Switchgear,SUB_CENTRAL,1990-01-01,1987,36,5,0.3,C4,37411 AED,11223.3 AED
AST3108,Protection_Relay,SUB_SOUTH,2019-01-01,2016,7,2,0.03,C1,9016 AED,270.48 AED
AST3109,Feeder_Cable,SUB_CENTRAL,2013-01-01,2010,13,3,0.07,C4,48652 AED,3405.64 AED
AST3110,Feeder_Cable,SUB_SOUTH,2022-01-01,2021,4,1,0.01,C3,20614 AED,206.14 AED
AST3111,Feeder_Cable,SUB_NORTH,1990-01-01,1988,36,5,0.3,C4,38782 AED,11634.6 AED
AST3112,Distribution_Transformer,SUB_NORTH,1990-01-01,1990,36,5,0.3,C3,31550 AED,9465.0 AED
AST3113,Protection_Relay,SUB_CENTRAL,2024-01-01,2021,2,1,0.01,C3,23386 AED,233.86 AED
AST3114,Feeder_Cable,SUB_SOUTH,2004-01-01,2004,22,4,0.15,C4,37236 AED,5585.4 AED
AST3115,Feeder_Cable,SUB_WEST,1989-01-01,1986,37,5,0.3,C3,33763 AED,10128.9 AED
AST3116,Feeder_Cable,SUB_NORTH,1989-01-01,1987,37,5,0.3,C4,38183 AED,11454.9 AED
AST3117,Circuit_Breaker,SUB_WEST,1998-01-01,1995,28,4,0.15,C3,28785 AED,4317.75 AED
AST3118,Circuit_Breaker,SUB_SOUTH,1999-01-01,1996,27,4,0.15,C2,17420 AED,2613.0 AED
AST3119,Feeder_Cable,SUB_NORTH,2017-01-01,2017,9,2,0.03,C4,38194 AED,1145.82 AED
AST3120,Protection_Relay,SUB_NORTH,2010-01-01,2008,16,3,0.07,C3,30406 AED,2128.42 AED
AST3121,Feeder_Cable,SUB_CENTRAL,1988-01-01,1986,38,5,0.3,C4,36329 AED,10898.7 AED
AST3122,Protection_Relay,SUB_EAST,2000-01-01,1999,26,4,0.15,C4,37522 AED,5628.3 AED
AST3123,Switchgear,SUB_NORTH,1996-01-01,1995,30,4,0.15,C4,37304 AED,5595.6 AED
AST3124,Distribution_Transformer,SUB_EAST,2021-01-01,2018,5,1,0.01,C4,39530 AED,395.3 AED
AST3125,Protection_Relay,SUB_EAST,1987-01-01,1986,39,5,0.3,C2,10450 AED,3135.0 AED
AST3126,Switchgear,SUB_WEST,1990-01-01,1988,36,5,0.3,C4,45372 AED,13611.6 AED
AST3127,Distribution_Transformer,SUB_SOUTH,1999-01-01,1998,27,4,0.15,C1,7054 AED,1058.1 AED
AST3128,Switchgear,SUB_CENTRAL,2014-01-01,2012,12,3,0.07,C4,44012 AED,3080.84 AED
AST3129,Circuit_Breaker,SUB_SOUTH,2022-01-01,2021,4,1,0.01,C1,5233 AED,52.33 AED
AST3130,Protection_Relay,SUB_WEST,2019-01-01,2018,7,2,0.03,C3,27729 AED,831.87 AED
AST3131,Distribution_Transformer,SUB_EAST,2007-01-01,2004,19,3,0.07,C3,20396 AED,1427.72 AED
AST3132,Distribution_Transformer,SUB_CENTRAL,1993-01-01,1990,33,5,0.3,C4,36217 AED,10865.1 AED
AST3133,Protection_Relay,SUB_WEST,2000-01-01,2000,26,4,0.15,C3,25597 AED,3839.55 AED
AST3134,Power_Transformer,SUB_NORTH,2016-01-01,2014,10,2,0.03,C2,15824 AED,474.72 AED
AST3135,Protection_Relay,SUB_EAST,1993-01-01,1993,33,5,0.3,C4,35504 AED,10651.2 AED
AST3136,Protection_Relay,SUB_EAST,1988-01-01,1985,38,5,0.3,C2,14044 AED,4213.2 AED
AST3137,Protection_Relay,SUB_WEST,2004-01-01,2004,22,4,0.15,C3,21675 AED,3251.25 AED
AST3138,Switchgear,SUB_NORTH,2002-01-01,2002,24,4,0.15,C4,43747 AED,6562.05 AED
AST3139,Power_Transformer,SUB_EAST,1993-01-01,1993,33,5,0.3,C4,45711 AED,13713.3 AED
AST3140,Power_Transformer,SUB_WEST,2010-01-01,2007,16,3,0.07,C3,27008 AED,1890.56 AED
AST3141,Power_Transformer,SUB_SOUTH,2012-01-01,2011,14,3,0.07,C2,12314 AED,861.98 AED
AST3142,Power_Transformer,SUB_NORTH,1989-01-01,1987,37,5,0.3,C4,36833 AED,11049.9 AED
AST3143,Feeder_Cable,SUB_CENTRAL,2004-01-01,2001,22,4,0.15,C4,41041 AED,6156.15 AED
AST3144,Distribution_Transformer,SUB_EAST,2000-01-01,1997,26,4,0.15,C2,11595 AED,1739.25 AED
AST3145,Circuit_Breaker,SUB_NORTH,2018-01-01,2016,8,2,0.03,C3,26254 AED,787.62 AED
AST3146,Power_Transformer,SUB_WEST,2018-01-01,2018,8,2,0.03,C3,30618 AED,918.54 AED
AST3147,Protection_Relay,SUB_SOUTH,1992-01-01,1992,34,5,0.3,C3,34756 AED,10426.8 AED
AST3148,Circuit_Breaker,SUB_SOUTH,2026-01-01,2023,0,1,0.01,C3,29039 AED,290.39 AED
AST3149,Protection_Relay,SUB_WEST,1999-01-01,1999,27,4,0.15,C3,28561 AED,4284.15 AED
AST3150,Distribution_Transformer,SUB_WEST,2024-01-01,2023,2,1,0.01,C1,9958 AED,99.58 AED
AST3151,Circuit_Breaker,SUB_EAST,2010-01-01,2009,16,3,0.07,C1,7080 AED,495.6 AED
AST3152,Protection_Relay,SUB_EAST,2021-01-01,2019,5,1,0.01,C2,19730 AED,197.3 AED
AST3153,Distribution_Transformer,SUB_SOUTH,2011-01-01,2011,15,3,0.07,C1,7980 AED,558.6 AED
AST3154,Power_Transformer,SUB_NORTH,1988-01-01,1985,38,5,0.3,C2,17295 AED,5188.5 AED
AST3155,Feeder_Cable,SUB_CENTRAL,1992-01-01,1991,34,5,0.3,C4,37142 AED,11142.6 AED
AST3156,Switchgear,SUB_CENTRAL,2009-01-01,2008,17,3,0.07,C3,24254 AED,1697.78 AED
AST3157,Protection_Relay,SUB_EAST,1990-01-01,1989,36,5,0.3,C4,39125 AED,11737.5 AED
AST3158,Power_Transformer,SUB_CENTRAL,2016-01-01,2016,10,2,0.03,C4,36613 AED,1098.39 AED
AST3159,Power_Transformer,SUB_NORTH,1999-01-01,1997,27,4,0.15,C4,47015 AED,7052.25 AED
AST3160,Distribution_Transformer,SUB_WEST,2001-01-01,2001,25,4,0.15,C3,26047 AED,3907.05 AED
AST3161,Switchgear,SUB_NORTH,2005-01-01,2003,21,4,0.15,C2,17285 AED,2592.75 AED
AST3162,Distribution_Transformer,SUB_SOUTH,1994-01-01,1994,32,5,0.3,C1,8616 AED,2584.8 AED
AST3163,Distribution_Transformer,SUB_SOUTH,1993-01-01,1993,33,5,0.3,C2,19754 AED,5926.2 AED
AST3164,Power_Transformer,SUB_SOUTH,2016-01-01,2013,10,2,0.03,C4,40533 AED,1215.99 AED
AST3165,Switchgear,SUB_CENTRAL,1991-01-01,1991,35,5,0.3,C4,41181 AED,12354.3 AED
AST3166,Distribution_Transformer,SUB_WEST,2014-01-01,2014,12,3,0.07,C2,11930 AED,835.1 AED
AST3167,Switchgear,SUB_NORTH,1990-01-01,1988,36,5,0.3,C3,26745 AED,8023.5 AED
AST3168,Power_Transformer,SUB_CENTRAL,2004-01-01,2003,22,4,0.15,C3,26116 AED,3917.4 AED
AST3169,Switchgear,SUB_SOUTH,2004-01-01,2001,22,4,0.15,C3,34921 AED,5238.15 AED
AST3170,Distribution_Transformer,SUB_EAST,1988-01-01,1985,38,5,0.3,C1,9645 AED,2893.5 AED
AST3171,Protection_Relay,SUB_WEST,2003-01-01,2000,23,4,0.15,C2,17719 AED,2657.85 AED
AST3172,Protection_Relay,SUB_CENTRAL,2011-01-01,2010,15,3,0.07,C2,10843 AED,759.01 AED
AST3173,Power_Transformer,SUB_NORTH,1986-01-01,1986,40,5,0.3,C2,17650 AED,5295.0 AED
AST3174,Feeder_Cable,SUB_EAST,2000-01-01,1998,26,4,0.15,C4,46584 AED,6987.6 AED
AST3175,Switchgear,SUB_NORTH,1990-01-01,1989,36,5,0.3,C3,30876 AED,9262.8 AED
AST3176,Distribution_Transformer,SUB_WEST,2023-01-01,2022,3,1,0.01,C2,13268 AED,132.68 AED
AST3177,Distribution_Transformer,SUB_WEST,2001-01-01,2001,25,4,0.15,C4,39603 AED,5940.45 AED
AST3178,Switchgear,SUB_WEST,2000-01-01,1998,26,4,0.15,C1,9047 AED,1357.05 AED
AST3179,Feeder_Cable,SUB_NORTH,1995-01-01,1994,31,5,0.3,C2,16348 AED,4904.4 AED
AST3180,Distribution_Transformer,SUB_NORTH,2002-01-01,2001,24,4,0.15,C3,27001 AED,4050.15 AED
AST3181,Switchgear,SUB_CENTRAL,2009-01-01,2006,17,3,0.07,C3,33916 AED,2374.12 AED
AST3182,Circuit_Breaker,SUB_SOUTH,1998-01-01,1996,28,4,0.15,C2,10967 AED,1645.05 AED
AST3183,Feeder_Cable,SUB_EAST,2011-01-01,2008,15,3,0.07,C3,29357 AED,2054.99 AED
AST3184,Distribution_Transformer,SUB_WEST,1993-01-01,1992,33,5,0.3,C3,33199 AED,9959.7 AED
AST3185,Feeder_Cable,SUB_SOUTH,1990-01-01,1989,36,5,0.3,C3,30432 AED,9129.6 AED
AST3186,Protection_Relay,SUB_CENTRAL,1993-01-01,1993,33,5,0.3,C1,6854 AED,2056.2 AED
AST3187,Circuit_Breaker,SUB_CENTRAL,2008-01-01,2007,18,3,0.07,C3,28997 AED,2029.79 AED
AST3188,Switchgear,SUB_SOUTH,2004-01-01,2003,22,4,0.15,C2,12833 AED,1924.95 AED
AST3189,Switchgear,SUB_WEST,1995-01-01,1995,31,5,0.3,C3,25652 AED,7695.6 AED
AST3190,Switchgear,SUB_SOUTH,2022-01-01,2021,4,1,0.01,C3,26026 AED,260.26 AED
AST3191,Power_Transformer,SUB_CENTRAL,1999-01-01,1998,27,4,0.15,C4,42242 AED,6336.3 AED
AST3192,Protection_Relay,SUB_WEST,1989-01-01,1987,37,5,0.3,C4,44689 AED,13406.7 AED
AST3193,Distribution_Transformer,SUB_WEST,2006-01-01,2004,20,3,0.07,C2,15185 AED,1062.95 AED
AST3194,Circuit_Breaker,SUB_EAST,2017-01-01,2015,9,2,0.03,C3,23807 AED,714.21 AED
AST3195,Feeder_Cable,SUB_WEST,1997-01-01,1996,29,4,0.15,C2,19944 AED,2991.6 AED
AST3196,Circuit_Breaker,SUB_WEST,2015-01-01,2012,11,3,0.07,C3,33003 AED,2310.21 AED
AST3197,Feeder_Cable,SUB_SOUTH,2001-01-01,2001,25,4,0.15,C4,45954 AED,6893.1 AED
AST3198,Feeder_Cable,SUB_NORTH,2007-01-01,2007,19,3,0.07,C3,20914 AED,1463.98 AED
AST3199,Circuit_Breaker,SUB_NORTH,1998-01-01,1997,28,4,0.15,C4,46132 AED,6919.8 AED
AST3200,Protection_Relay,SUB_SOUTH,1987-01-01,1986,39,5,0.3,C1,5566 AED,1669.8 AED
AST3201,Switchgear,SUB_NORTH,1999-01-01,1997,27,4,0.15,C4,40993 AED,6148.95 AED
AST3202,Feeder_Cable,SUB_CENTRAL,2011-01-01,2011,15,3,0.07,C2,15583 AED,1090.81 AED
AST3203,Circuit_Breaker,SUB_SOUTH,1993-01-01,1993,33,5,0.3,C1,7876 AED,2362.8 AED
AST3204,Switchgear,SUB_SOUTH,1992-01-01,1990,34,5,0.3,C3,31946 AED,9583.8 AED
AST3205,Protection_Relay,SUB_CENTRAL,2011-01-01,2009,15,3,0.07,C4,42929 AED,3005.03 AED
AST3206,Circuit_Breaker,SUB_SOUTH,2016-01-01,2015,10,2,0.03,C2,16971 AED,509.13 AED
AST3207,Power_Transformer,SUB_WEST,2004-01-01,2003,22,4,0.15,C2,13952 AED,2092.8 AED
AST3208,Power_Transformer,SUB_WEST,2016-01-01,2016,10,2,0.03,C2,11870 AED,356.1 AED
AST3209,Power_Transformer,SUB_SOUTH,2020-01-01,2017,6,2,0.03,C4,36413 AED,1092.39 AED
AST3210,Power_Transformer,SUB_CENTRAL,1992-01-01,1992,34,5,0.3,C3,25090 AED,7527.0 AED
AST3211,Feeder_Cable,SUB_WEST,2018-01-01,2015,8,2,0.03,C3,20943 AED,628.29 AED
AST3212,Distribution_Transformer,SUB_EAST,1990-01-01,1987,36,5,0.3,C3,27025 AED,8107.5 AED
AST3213,Switchgear,SUB_EAST,1991-01-01,1990,35,5,0.3,C4,48022 AED,14406.6 AED
AST3214,Switchgear,SUB_EAST,2007-01-01,2005,19,3,0.07,C4,45031 AED,3152.17 AED
AST3215,Distribution_Transformer,SUB_CENTRAL,1987-01-01,1985,39,5,0.3,C4,49384 AED,14815.2 AED
AST3216,Switchgear,SUB_WEST,2022-01-01,2022,4,1,0.01,C3,29066 AED,290.66 AED
AST3217,Protection_Relay,SUB_CENTRAL,1992-01-01,1992,34,5,0.3,C4,35501 AED,10650.3 AED
AST3218,Power_Transformer,SUB_WEST,2026-01-01,2023,0,1,0.01,C4,43565 AED,435.65 AED
AST3219,Feeder_Cable,SUB_NORTH,2018-01-01,2015,8,2,0.03,C4,42749 AED,1282.47 AED
AST3220,Protection_Relay,SUB_CENTRAL,2009-01-01,2007,17,3,0.07,C4,39142 AED,2739.94 AED
AST3221,Distribution_Transformer,SUB_WEST,1999-01-01,1998,27,4,0.15,C3,29065 AED,4359.75 AED
AST3222,Power_Transformer,SUB_EAST,1992-01-01,1991,34,5,0.3,C3,22559 AED,6767.7 AED
AST3223,Feeder_Cable,SUB_SOUTH,2007-01-01,2006,19,3,0.07,C2,14060 AED,984.2 AED
AST3224,Protection_Relay,SUB_CENTRAL,2011-01-01,2011,15,3,0.07,C3,21373 AED,1496.11 AED
AST3225,Switchgear,SUB_CENTRAL,2014-01-01,2014,12,3,0.07,C4,42921 AED,3004.47 AED
AST3226,Feeder_Cable,SUB_NORTH,2000-01-01,1999,26,4,0.15,C3,22522 AED,3378.3 AED
AST3227,Distribution_Transformer,SUB_SOUTH,2006-01-01,2006,20,3,0.07,C4,42455 AED,2971.85 AED
AST3228,Switchgear,SUB_NORTH,2017-01-01,2017,9,2,0.03,C2,17352 AED,520.56 AED
AST3229,Power_Transformer,SUB_EAST,1986-01-01,1986,40,5,0.3,C2,10666 AED,3199.8 AED
AST3230,Switchgear,SUB_EAST,2004-01-01,2004,22,4,0.15,C3,31878 AED,4781.7 AED
AST3231,Protection_Relay,SUB_SOUTH,2014-01-01,2012,12,3,0.07,C3,23836 AED,1668.52 AED
AST3232,Distribution_Transformer,SUB_EAST,1987-01-01,1985,39,5,0.3,C3,20486 AED,6145.8 AED
AST3233,Circuit_Breaker,SUB_EAST,2022-01-01,2020,4,1,0.01,C3,27923 AED,279.23 AED
AST3234,Protection_Relay,SUB_WEST,1995-01-01,1994,31,5,0.3,C4,42124 AED,12637.2 AED
AST3235,Circuit_Breaker,SUB_NORTH,2008-01-01,2005,18,3,0.07,C3,28920 AED,2024.4 AED
AST3236,Circuit_Breaker,SUB_SOUTH,1988-01-01,1985,38,5,0.3,C4,41622 AED,12486.6 AED
AST3237,Circuit_Breaker,SUB_CENTRAL,2016-01-01,2015,10,2,0.03,C2,10938 AED,328.14 AED
AST3238,Circuit_Breaker,SUB_CENTRAL,2022-01-01,2022,4,1,0.01,C2,16188 AED,161.88 AED
AST3239,Power_Transformer,SUB_EAST,2025-01-01,2023,1,1,0.01,C4,42140 AED,421.4 AED
AST3240,Protection_Relay,SUB_WEST,1987-01-01,1985,39,5,0.3,C3,30581 AED,9174.3 AED
AST3241,Circuit_Breaker,SUB_NORTH,2024-01-01,2023,2,1,0.01,C3,24530 AED,245.3 AED
AST3242,Circuit_Breaker,SUB_EAST,2017-01-01,2016,9,2,0.03,C4,40287 AED,1208.61 AED
AST3243,Feeder_Cable,SUB_WEST,1991-01-01,1991,35,5,0.3,C2,12020 AED,3606.0 AED
AST3244,Circuit_Breaker,SUB_SOUTH,2006-01-01,2003,20,3,0.07,C3,30225 AED,2115.75 AED
AST3245,Power_Transformer,SUB_CENTRAL,1997-01-01,1996,29,4,0.15,C3,25603 AED,3840.45 AED
AST3246,Distribution_Transformer,SUB_NORTH,1990-01-01,1990,36,5,0.3,C1,6919 AED,2075.7 AED
AST3247,Distribution_Transformer,SUB_WEST,2005-01-01,2003,21,4,0.15,C3,31996 AED,4799.4 AED
AST3248,Switchgear,SUB_SOUTH,2019-01-01,2018,7,2,0.03,C4,40398 AED,1211.94 AED
AST3249,Feeder_Cable,SUB_NORTH,1995-01-01,1992,31,5,0.3,C3,34534 AED,10360.2 AED
AST3250,Protection_Relay,SUB_SOUTH,2020-01-01,2017,6,2,0.03,C2,14191 AED,425.73 AED
AST3251,Feeder_Cable,SUB_SOUTH,1987-01-01,1985,39,5,0.3,C3,23180 AED,6954.0 AED
AST3252,Distribution_Transformer,SUB_NORTH,2016-01-01,2015,10,2,0.03,C3,34929 AED,1047.87 AED
AST3253,Distribution_Transformer,SUB_EAST,2000-01-01,1997,26,4,0.15,C4,43469 AED,6520.35 AED
AST3254,Protection_Relay,SUB_SOUTH,1994-01-01,1993,32,5,0.3,C4,40505 AED,12151.5 AED
AST3255,Protection_Relay,SUB_SOUTH,2009-01-01,2007,17,3,0.07,C2,17482 AED,1223.74 AED
AST3256,Switchgear,SUB_SOUTH,2012-01-01,2009,14,3,0.07,C4,38786 AED,2715.02 AED
AST3257,Power_Transformer,SUB_CENTRAL,1995-01-01,1993,31,5,0.3,C1,8438 AED,2531.4 AED
AST3258,Circuit_Breaker,SUB_SOUTH,2005-01-01,2002,21,4,0.15,C3,24906 AED,3735.9 AED
AST3259,Protection_Relay,SUB_NORTH,1990-01-01,1990,36,5,0.3,C4,41950 AED,12585.0 AED
AST3260,Feeder_Cable,SUB_NORTH,2010-01-01,2007,16,3,0.07,C3,31504 AED,2205.28 AED
AST3261,Switchgear,SUB_NORTH,2014-01-01,2013,12,3,0.07,C2,11089 AED,776.23 AED
AST3262,Distribution_Transformer,SUB_NORTH,1994-01-01,1993,32,5,0.3,C3,24906 AED,7471.8 AED
AST3263,Protection_Relay,SUB_SOUTH,1993-01-01,1991,33,5,0.3,C3,24284 AED,7285.2 AED
AST3264,Protection_Relay,SUB_SOUTH,2022-01-01,2021,4,1,0.01,C3,33116 AED,331.16 AED
AST3265,Feeder_Cable,SUB_SOUTH,1988-01-01,1987,38,5,0.3,C3,33975 AED,10192.5 AED
AST3266,Power_Transformer,SUB_WEST,1993-01-01,1991,33,5,0.3,C2,15271 AED,4581.3 AED
AST3267,Switchgear,SUB_NORTH,2001-01-01,1998,25,4,0.15,C3,28346 AED,4251.9 AED
AST3268,Switchgear,SUB_EAST,2006-01-01,2006,20,3,0.07,C4,40360 AED,2825.2 AED
AST3269,Circuit_Breaker,SUB_SOUTH,1991-01-01,1988,35,5,0.3,C3,22243 AED,6672.9 AED
AST3270,Feeder_Cable,SUB_WEST,2026-01-01,2023,0,1,0.01,C3,30085 AED,300.85 AED
AST3271,Distribution_Transformer,SUB_EAST,2022-01-01,2021,4,1,0.01,C2,15908 AED,159.08 AED
AST3272,Feeder_Cable,SUB_EAST,1995-01-01,1993,31,5,0.3,C2,15241 AED,4572.3 AED
AST3273,Power_Transformer,SUB_SOUTH,2008-01-01,2006,18,3,0.07,C2,10028 AED,701.96 AED
AST3274,Feeder_Cable,SUB_NORTH,1996-01-01,1996,30,4,0.15,C3,30976 AED,4646.4 AED
AST3275,Distribution_Transformer,SUB_NORTH,1995-01-01,1994,31,5,0.3,C4,37993 AED,11397.9 AED
AST3276,Protection_Relay,SUB_SOUTH,2007-01-01,2005,19,3,0.07,C2,10344 AED,724.08 AED
AST3277,Circuit_Breaker,SUB_SOUTH,2016-01-01,2013,10,2,0.03,C1,7901 AED,237.03 AED
AST3278,Circuit_Breaker,SUB_EAST,1995-01-01,1994,31,5,0.3,C4,46865 AED,14059.5 AED
AST3279,Feeder_Cable,SUB_CENTRAL,1990-01-01,1987,36,5,0.3,C4,42834 AED,12850.2 AED
AST3280,Distribution_Transformer,SUB_NORTH,1996-01-01,1994,30,4,0.15,C3,32678 AED,4901.7 AED
AST3281,Switchgear,SUB_WEST,2002-01-01,2001,24,4,0.15,C2,15985 AED,2397.75 AED
AST3282,Feeder_Cable,SUB_CENTRAL,2004-01-01,2004,22,4,0.15,C3,25603 AED,3840.45 AED
AST3283,Protection_Relay,SUB_NORTH,2003-01-01,2002,23,4,0.15,C3,27596 AED,4139.4 AED
AST3284,Circuit_Breaker,SUB_EAST,2006-01-01,2004,20,3,0.07,C3,24189 AED,1693.23 AED
AST3285,Protection_Relay,SUB_SOUTH,1992-01-01,1992,34,5,0.3,C4,41139 AED,12341.7 AED
AST3286,Power_Transformer,SUB_NORTH,1999-01-01,1998,27,4,0.15,C3,21312 AED,3196.8 AED
AST3287,Power_Transformer,SUB_SOUTH,1988-01-01,1988,38,5,0.3,C4,35852 AED,10755.6 AED
AST3288,Switchgear,SUB_CENTRAL,2004-01-01,2001,22,4,0.15,C1,7664 AED,1149.6 AED
AST3289,Protection_Relay,SUB_CENTRAL,1999-01-01,1999,27,4,0.15,C4,37365 AED,5604.75 AED
AST3290,Circuit_Breaker,SUB_SOUTH,2019-01-01,2017,7,2,0.03,C4,44189 AED,1325.67 AED
AST3291,Distribution_Transformer,SUB_NORTH,2013-01-01,2011,13,3,0.07,C4,45182 AED,3162.74 AED
AST3292,Power_Transformer,SUB_WEST,1995-01-01,1995,31,5,0.3,C2,18736 AED,5620.8 AED
AST3293,Circuit_Breaker,SUB_NORTH,1999-01-01,1999,27,4,0.15,C3,23111 AED,3466.65 AED
AST3294,Circuit_Breaker,SUB_NORTH,1987-01-01,1986,39,5,0.3,C2,15584 AED,4675.2 AED
AST3295,Power_Transformer,SUB_SOUTH,1997-01-01,1994,29,4,0.15,C2,17577 AED,2636.55 AED
AST3296,Power_Transformer,SUB_NORTH,1990-01-01,1990,36,5,0.3,C2,12235 AED,3670.5 AED
AST3297,Feeder_Cable,SUB_WEST,2000-01-01,1999,26,4,0.15,C3,23737 AED,3560.55 AED
AST3298,Feeder_Cable,SUB_NORTH,2016-01-01,2015,10,2,0.03,C3,28674 AED,860.22 AED
AST3299,Power_Transformer,SUB_WEST,2025-01-01,2022,1,1,0.01,C3,30752 AED,307.52 AED
AST3300,Distribution_Transformer,SUB_SOUTH,2020-01-01,2020,6,2,0.03,C4,35068 AED,1052.04 AED
AST3301,Distribution_Transformer,SUB_CENTRAL,2001-01-01,1999,25,4,0.15,C2,11384 AED,1707.6 AED
AST3302,Power_Transformer,SUB_SOUTH,2022-01-01,2019,4,1,0.01,C4,38231 AED,382.31 AED
AST3303,Switchgear,SUB_EAST,2000-01-01,1997,26,4,0.15,C3,27267 AED,4090.05 AED
AST3304,Circuit_Breaker,SUB_WEST,2001-01-01,2001,25,4,0.15,C3,30164 AED,4524.6 AED
AST3305,Feeder_Cable,SUB_EAST,1992-01-01,1989,34,5,0.3,C3,27804 AED,8341.2 AED
AST3306,Power_Transformer,SUB_EAST,2009-01-01,2008,17,3,0.07,C4,42119 AED,2948.33 AED
AST3307,Feeder_Cable,SUB_WEST,2013-01-01,2011,13,3,0.07,C3,25031 AED,1752.17 AED
AST3308,Circuit_Breaker,SUB_SOUTH,1987-01-01,1985,39,5,0.3,C3,25360 AED,7608.0 AED
AST3309,Feeder_Cable,SUB_SOUTH,2014-01-01,2013,12,3,0.07,C4,44832 AED,3138.24 AED
AST3310,Power_Transformer,SUB_SOUTH,1992-01-01,1990,34,5,0.3,C2,10369 AED,3110.7 AED
AST3311,Power_Transformer,SUB_WEST,2013-01-01,2011,13,3,0.07,C3,30245 AED,2117.15 AED
AST3312,Feeder_Cable,SUB_NORTH,2015-01-01,2014,11,3,0.07,C4,41895 AED,2932.65 AED
AST3313,Protection_Relay,SUB_SOUTH,2009-01-01,2007,17,3,0.07,C3,34705 AED,2429.35 AED
AST3314,Circuit_Breaker,SUB_EAST,1997-01-01,1995,29,4,0.15,C4,36307 AED,5446.05 AED
AST3315,Switchgear,SUB_CENTRAL,2015-01-01,2015,11,3,0.07,C3,28072 AED,1965.04 AED
AST3316,Protection_Relay,SUB_EAST,2015-01-01,2013,11,3,0.07,C2,16791 AED,1175.37 AED
AST3317,Circuit_Breaker,SUB_NORTH,2017-01-01,2014,9,2,0.03,C3,27920 AED,837.6 AED
AST3318,Circuit_Breaker,SUB_CENTRAL,1993-01-01,1991,33,5,0.3,C3,20032 AED,6009.6 AED
AST3319,Switchgear,SUB_NORTH,2017-01-01,2016,9,2,0.03,C2,10204 AED,306.12 AED
AST3320,Power_Transformer,SUB_CENTRAL,2005-01-01,2002,21,4,0.15,C4,36044 AED,5406.6 AED
AST3321,Circuit_Breaker,SUB_WEST,2003-01-01,2001,23,4,0.15,C2,18960 AED,2844.0 AED
AST3322,Power_Transformer,SUB_SOUTH,2006-01-01,2005,20,3,0.07,C4,35991 AED,2519.37 AED
AST3323,Power_Transformer,SUB_CENTRAL,1988-01-01,1988,38,5,0.3,C3,25996 AED,7798.8 AED
AST3324,Circuit_Breaker,SUB_WEST,2009-01-01,2009,17,3,0.07,C1,7816 AED,547.12 AED
AST3325,Feeder_Cable,SUB_EAST,1994-01-01,1992,32,5,0.3,C3,34129 AED,10238.7 AED
AST3326,Circuit_Breaker,SUB_NORTH,1995-01-01,1994,31,5,0.3,C2,16420 AED,4926.0 AED
AST3327,Power_Transformer,SUB_CENTRAL,1990-01-01,1990,36,5,0.3,C3,32486 AED,9745.8 AED
AST3328,Distribution_Transformer,SUB_SOUTH,2019-01-01,2018,7,2,0.03,C3,31754 AED,952.62 AED
AST3329,Protection_Relay,SUB_WEST,2003-01-01,2000,23,4,0.15,C4,47052 AED,7057.8 AED
AST3330,Feeder_Cable,SUB_NORTH,1997-01-01,1996,29,4,0.15,C4,46665 AED,6999.75 AED
AST3331,Power_Transformer,SUB_WEST,2017-01-01,2014,9,2,0.03,C2,16330 AED,489.9 AED
AST3332,Feeder_Cable,SUB_EAST,2020-01-01,2019,6,2,0.03,C3,33508 AED,1005.24 AED
AST3333,Circuit_Breaker,SUB_WEST,2003-01-01,2003,23,4,0.15,C3,33652 AED,5047.8 AED
AST3334,Distribution_Transformer,SUB_SOUTH,2001-01-01,1998,25,4,0.15,C1,8340 AED,1251.0 AED
AST3335,Protection_Relay,SUB_SOUTH,2021-01-01,2019,5,1,0.01,C4,35763 AED,357.63 AED
AST3336,Feeder_Cable,SUB_NORTH,1986-01-01,1985,40,5,0.3,C4,35855 AED,10756.5 AED
AST3337,Switchgear,SUB_WEST,1995-01-01,1994,31,5,0.3,C2,11564 AED,3469.2 AED
AST3338,Circuit_Breaker,SUB_SOUTH,2019-01-01,2016,7,2,0.03,C3,33228 AED,996.84 AED
AST3339,Circuit_Breaker,SUB_EAST,2016-01-01,2014,10,2,0.03,C4,37216 AED,1116.48 AED
AST3340,Switchgear,SUB_WEST,2023-01-01,2022,3,1,0.01,C3,32641 AED,326.41 AED
AST3341,Power_Transformer,SUB_EAST,1987-01-01,1987,39,5,0.3,C2,17208 AED,5162.4 AED
AST3342,Feeder_Cable,SUB_CENTRAL,2015-01-01,2014,11,3,0.07,C2,10448 AED,731.36 AED
AST3343,Switchgear,SUB_WEST,2014-01-01,2012,12,3,0.07,C3,20400 AED,1428.0 AED
AST3344,Protection_Relay,SUB_WEST,2003-01-01,2003,23,4,0.15,C2,14385 AED,2157.75 AED
AST3345,Distribution_Transformer,SUB_CENTRAL,1987-01-01,1986,39,5,0.3,C2,12874 AED,3862.2 AED
AST3346,Circuit_Breaker,SUB_WEST,2003-01-01,2000,23,4,0.15,C2,19386 AED,2907.9 AED
AST3347,Power_Transformer,SUB_NORTH,1990-01-01,1988,36,5,0.3,C2,11428 AED,3428.4 AED
AST3348,Distribution_Transformer,SUB_NORTH,2000-01-01,1997,26,4,0.15,C4,35674 AED,5351.1 AED
AST3349,Feeder_Cable,SUB_EAST,2017-01-01,2015,9,2,0.03,C4,38384 AED,1151.52 AED
AST3350,Circuit_Breaker,SUB_EAST,2005-01-01,2002,21,4,0.15,C3,29367 AED,4405.05 AED
AST3351,Protection_Relay,SUB_NORTH,2024-01-01,2021,2,1,0.01,C3,33072 AED,330.72 AED
AST3352,Distribution_Transformer,SUB_SOUTH,2013-01-01,2011,13,3,0.07,C3,20090 AED,1406.3 AED
AST3353,Distribution_Transformer,SUB_NORTH,1988-01-01,1987,38,5,0.3,C3,21674 AED,6502.2 AED
AST3354,Power_Transformer,SUB_EAST,1998-01-01,1997,28,4,0.15,C4,45200 AED,6780.0 AED
AST3355,Distribution_Transformer,SUB_WEST,2020-01-01,2018,6,2,0.03,C3,21083 AED,632.49 AED
AST3356,Switchgear,SUB_CENTRAL,1994-01-01,1991,32,5,0.3,C4,47574 AED,14272.2 AED
AST3357,Power_Transformer,SUB_WEST,2026-01-01,2023,0,1,0.01,C3,30680 AED,306.8 AED
AST3358,Protection_Relay,SUB_NORTH,2009-01-01,2006,17,3,0.07,C2,10007 AED,700.49 AED
AST3359,Feeder_Cable,SUB_EAST,2019-01-01,2018,7,2,0.03,C4,48435 AED,1453.05 AED
AST3360,Switchgear,SUB_NORTH,1986-01-01,1986,40,5,0.3,C3,25548 AED,7664.4 AED
AST3361,Protection_Relay,SUB_WEST,2015-01-01,2014,11,3,0.07,C1,9964 AED,697.48 AED
AST3362,Distribution_Transformer,SUB_EAST,2012-01-01,2011,14,3,0.07,C3,34703 AED,2429.21 AED
AST3363,Protection_Relay,SUB_SOUTH,2010-01-01,2010,16,3,0.07,C3,29416 AED,2059.12 AED
AST3364,Feeder_Cable,SUB_SOUTH,2009-01-01,2007,17,3,0.07,C1,6190 AED,433.3 AED
AST3365,Circuit_Breaker,SUB_EAST,2010-01-01,2009,16,3,0.07,C3,26385 AED,1846.95 AED
AST3366,Power_Transformer,SUB_WEST,2007-01-01,2006,19,3,0.07,C1,8698 AED,608.86 AED
AST3367,Circuit_Breaker,SUB_NORTH,2001-01-01,1998,25,4,0.15,C3,25249 AED,3787.35 AED
AST3368,Switchgear,SUB_SOUTH,1995-01-01,1994,31,5,0.3,C3,23507 AED,7052.1 AED
AST3369,Power_Transformer,SUB_WEST,2017-01-01,2015,9,2,0.03,C3,23365 AED,700.95 AED
AST3370,Switchgear,SUB_WEST,2011-01-01,2009,15,3,0.07,C2,13864 AED,970.48 AED
AST3371,Power_Transformer,SUB_EAST,1992-01-01,1989,34,5,0.3,C2,10086 AED,3025.8 AED
AST3372,Protection_Relay,SUB_CENTRAL,2008-01-01,2008,18,3,0.07,C4,44987 AED,3149.09 AED
AST3373,Circuit_Breaker,SUB_NORTH,2013-01-01,2013,13,3,0.07,C3,29419 AED,2059.33 AED
AST3374,Power_Transformer,SUB_SOUTH,2020-01-01,2019,6,2,0.03,C4,45812 AED,1374.36 AED
AST3375,Circuit_Breaker,SUB_CENTRAL,2012-01-01,2012,14,3,0.07,C1,8203 AED,574.21 AED
AST3376,Distribution_Transformer,SUB_NORTH,1988-01-01,1986,38,5,0.3,C2,19289 AED,5786.7 AED
AST3377,Switchgear,SUB_SOUTH,2013-01-01,2013,13,3,0.07,C4,41792 AED,2925.44 AED
AST3378,Distribution_Transformer,SUB_WEST,2013-01-01,2010,13,3,0.07,C3,22778 AED,1594.46 AED
AST3379,Switchgear,SUB_NORTH,1992-01-01,1991,34,5,0.3,C4,35256 AED,10576.8 AED
AST3380,Distribution_Transformer,SUB_EAST,2003-01-01,2000,23,4,0.15,C4,49146 AED,7371.9 AED
AST3381,Power_Transformer,SUB_EAST,1995-01-01,1995,31,5,0.3,C3,21914 AED,6574.2 AED
AST3382,Protection_Relay,SUB_WEST,1999-01-01,1998,27,4,0.15,C2,10332 AED,1549.8 AED
AST3383,Feeder_Cable,SUB_EAST,2008-01-01,2008,18,3,0.07,C4,46497 AED,3254.79 AED
AST3384,Distribution_Transformer,SUB_SOUTH,1994-01-01,1993,32,5,0.3,C2,17009 AED,5102.7 AED
AST3385,Switchgear,SUB_EAST,2000-01-01,1999,26,4,0.15,C4,36804 AED,5520.6 AED
AST3386,Switchgear,SUB_SOUTH,2016-01-01,2015,10,2,0.03,C3,25084 AED,752.52 AED
AST3387,Circuit_Breaker,SUB_WEST,2018-01-01,2017,8,2,0.03,C4,48246 AED,1447.38 AED
AST3388,Circuit_Breaker,SUB_CENTRAL,2009-01-01,2007,17,3,0.07,C3,24357 AED,1704.99 AED
AST3389,Protection_Relay,SUB_CENTRAL,2007-01-01,2007,19,3,0.07,C3,34856 AED,2439.92 AED
AST3390,Switchgear,SUB_WEST,2007-01-01,2005,19,3,0.07,C2,13672 AED,957.04 AED
AST3391,Circuit_Breaker,SUB_NORTH,2012-01-01,2009,14,3,0.07,C4,44877 AED,3141.39 AED
AST3392,Distribution_Transformer,SUB_EAST,2005-01-01,2002,21,4,0.15,C3,20458 AED,3068.7 AED
AST3393,Feeder_Cable,SUB_EAST,2010-01-01,2008,16,3,0.07,C3,21846 AED,1529.22 AED
AST3394,Circuit_Breaker,SUB_NORTH,2004-01-01,2001,22,4,0.15,C1,5739 AED,860.85 AED
AST3395,Distribution_Transformer,SUB_CENTRAL,2000-01-01,2000,26,4,0.15,C2,13487 AED,2023.05 AED
AST3396,Protection_Relay,SUB_EAST,2021-01-01,2019,5,1,0.01,C3,20672 AED,206.72 AED
AST3397,Switchgear,SUB_EAST,2007-01-01,2005,19,3,0.07,C2,11889 AED,832.23 AED
AST3398,Switchgear,SUB_CENTRAL,2011-01-01,2011,15,3,0.07,C4,38580 AED,2700.6 AED
AST3399,Protection_Relay,SUB_WEST,2024-01-01,2022,2,1,0.01,C2,10674 AED,106.74 AED
AST3400,Power_Transformer,SUB_NORTH,1993-01-01,1993,33,5,0.3,C3,28419 AED,8525.7 AED
AST3401,Circuit_Breaker,SUB_WEST,2018-01-01,2017,8,2,0.03,C1,5702 AED,171.06 AED
AST3402,Protection_Relay,SUB_SOUTH,2002-01-01,2001,24,4,0.15,C3,30533 AED,4579.95 AED
AST3403,Circuit_Breaker,SUB_NORTH,2003-01-01,2000,23,4,0.15,C4,48096 AED,7214.4 AED
AST3404,Switchgear,SUB_CENTRAL,2014-01-01,2012,12,3,0.07,C4,35068 AED,2454.76 AED
AST3405,Feeder_Cable,SUB_NORTH,2003-01-01,2000,23,4,0.15,C3,23918 AED,3587.7 AED
AST3406,Feeder_Cable,SUB_WEST,2006-01-01,2005,20,3,0.07,C4,42291 AED,2960.37 AED
AST3407,Protection_Relay,SUB_NORTH,2026-01-01,2023,0,1,0.01,C3,33306 AED,333.06 AED
AST3408,Distribution_Transformer,SUB_NORTH,1997-01-01,1995,29,4,0.15,C4,36788 AED,5518.2 AED
AST3409,Circuit_Breaker,SUB_NORTH,2002-01-01,2001,24,4,0.15,C1,5720 AED,858.0 AED
AST3410,Protection_Relay,SUB_EAST,2015-01-01,2015,11,3,0.07,C1,6755 AED,472.85 AED
AST3411,Protection_Relay,SUB_WEST,2015-01-01,2013,11,3,0.07,C1,5884 AED,411.88 AED
AST3412,Feeder_Cable,SUB_CENTRAL,1988-01-01,1985,38,5,0.3,C4,47260 AED,14178.0 AED
AST3413,Distribution_Transformer,SUB_CENTRAL,2023-01-01,2023,3,1,0.01,C2,13241 AED,132.41 AED
AST3414,Circuit_Breaker,SUB_EAST,2011-01-01,2011,15,3,0.07,C3,27813 AED,1946.91 AED
AST3415,Distribution_Transformer,SUB_WEST,2023-01-01,2022,3,1,0.01,C2,13648 AED,136.48 AED
AST3416,Distribution_Transformer,SUB_EAST,2005-01-01,2002,21,4,0.15,C4,36902 AED,5535.3 AED
AST3417,Circuit_Breaker,SUB_NORTH,2015-01-01,2014,11,3,0.07,C2,16439 AED,1150.73 AED
AST3418,Distribution_Transformer,SUB_SOUTH,1998-01-01,1996,28,4,0.15,C4,35836 AED,5375.4 AED
AST3419,Protection_Relay,SUB_CENTRAL,1985-01-01,1985,41,5,0.3,C3,31540 AED,9462.0 AED
AST3420,Switchgear,SUB_EAST,2024-01-01,2023,2,1,0.01,C1,9373 AED,93.73 AED
AST3421,Protection_Relay,SUB_CENTRAL,1992-01-01,1990,34,5,0.3,C3,24233 AED,7269.9 AED
AST3422,Circuit_Breaker,SUB_SOUTH,1985-01-01,1985,41,5,0.3,C2,13059 AED,3917.7 AED
AST3423,Distribution_Transformer,SUB_CENTRAL,1991-01-01,1991,35,5,0.3,C1,6032 AED,1809.6 AED
AST3424,Power_Transformer,SUB_EAST,2016-01-01,2016,10,2,0.03,C4,37497 AED,1124.91 AED
AST3425,Power_Transformer,SUB_NORTH,1990-01-01,1988,36,5,0.3,C4,45996 AED,13798.8 AED
AST3426,Protection_Relay,SUB_EAST,1996-01-01,1996,30,4,0.15,C2,14879 AED,2231.85 AED
AST3427,Feeder_Cable,SUB_NORTH,1992-01-01,1989,34,5,0.3,C2,15642 AED,4692.6 AED
AST3428,Feeder_Cable,SUB_NORTH,1995-01-01,1994,31,5,0.3,C4,35424 AED,10627.2 AED
AST3429,Distribution_Transformer,SUB_EAST,1997-01-01,1995,29,4,0.15,C1,8206 AED,1230.9 AED
AST3430,Protection_Relay,SUB_NORTH,2013-01-01,2012,13,3,0.07,C3,32557 AED,2278.99 AED
AST3431,Protection_Relay,SUB_WEST,2002-01-01,2000,24,4,0.15,C2,16245 AED,2436.75 AED
AST3432,Distribution_Transformer,SUB_WEST,1990-01-01,1988,36,5,0.3,C4,39554 AED,11866.2 AED
AST3433,Feeder_Cable,SUB_SOUTH,2006-01-01,2006,20,3,0.07,C1,5509 AED,385.63 AED
AST3434,Protection_Relay,SUB_EAST,1990-01-01,1989,36,5,0.3,C2,12498 AED,3749.4 AED
AST3435,Distribution_Transformer,SUB_EAST,2017-01-01,2016,9,2,0.03,C3,30552 AED,916.56 AED
AST3436,Circuit_Breaker,SUB_SOUTH,1997-01-01,1995,29,4,0.15,C1,8398 AED,1259.7 AED
AST3437,Circuit_Breaker,SUB_EAST,1990-01-01,1987,36,5,0.3,C2,11826 AED,3547.8 AED
AST3438,Protection_Relay,SUB_NORTH,2000-01-01,1998,26,4,0.15,C2,17486 AED,2622.9 AED
AST3439,Feeder_Cable,SUB_SOUTH,2018-01-01,2017,8,2,0.03,C3,28950 AED,868.5 AED
AST3440,Switchgear,SUB_NORTH,2023-01-01,2021,3,1,0.01,C4,43400 AED,434.0 AED
AST3441,Distribution_Transformer,SUB_SOUTH,2020-01-01,2019,6,2,0.03,C4,36512 AED,1095.36 AED
AST3442,Circuit_Breaker,SUB_CENTRAL,2004-01-01,2001,22,4,0.15,C3,27859 AED,4178.85 AED
AST3443,Distribution_Transformer,SUB_WEST,1995-01-01,1995,31,5,0.3,C2,17458 AED,5237.4 AED
AST3444,Distribution_Transformer,SUB_NORTH,2013-01-01,2013,13,3,0.07,C3,34565 AED,2419.55 AED
AST3445,Power_Transformer,SUB_EAST,2017-01-01,2017,9,2,0.03,C3,26487 AED,794.61 AED
AST3446,Distribution_Transformer,SUB_WEST,1994-01-01,1993,32,5,0.3,C4,45125 AED,13537.5 AED
AST3447,Switchgear,SUB_CENTRAL,2022-01-01,2022,4,1,0.01,C2,13325 AED,133.25 AED
AST3448,Feeder_Cable,SUB_CENTRAL,2018-01-01,2016,8,2,0.03,C3,27930 AED,837.9 AED
AST3449,Feeder_Cable,SUB_WEST,1996-01-01,1996,30,4,0.15,C2,18095 AED,2714.25 AED
AST3450,Circuit_Breaker,SUB_CENTRAL,2018-01-01,2018,8,2,0.03,C3,34377 AED,1031.31 AED
AST3451,Power_Transformer,SUB_CENTRAL,2009-01-01,2007,17,3,0.07,C3,27722 AED,1940.54 AED
AST3452,Power_Transformer,SUB_NORTH,2013-01-01,2012,13,3,0.07,C4,41280 AED,2889.6 AED
AST3453,Switchgear,SUB_SOUTH,2021-01-01,2021,5,1,0.01,C3,33389 AED,333.89 AED
AST3454,Protection_Relay,SUB_NORTH,2005-01-01,2002,21,4,0.15,C3,28324 AED,4248.6 AED
AST3455,Circuit_Breaker,SUB_CENTRAL,2010-01-01,2010,16,3,0.07,C3,24794 AED,1735.58 AED
AST3456,Power_Transformer,SUB_WEST,1988-01-01,1986,38,5,0.3,C4,47672 AED,14301.6 AED
AST3457,Switchgear,SUB_EAST,2023-01-01,2021,3,1,0.01,C2,14378 AED,143.78 AED
AST3458,Circuit_Breaker,SUB_EAST,1998-01-01,1998,28,4,0.15,C3,30439 AED,4565.85 AED
AST3459,Switchgear,SUB_EAST,2003-01-01,2002,23,4,0.15,C3,28271 AED,4240.65 AED
AST3460,Power_Transformer,SUB_NORTH,1999-01-01,1998,27,4,0.15,C2,13593 AED,2038.95 AED
AST3461,Power_Transformer,SUB_CENTRAL,1990-01-01,1990,36,5,0.3,C3,20293 AED,6087.9 AED
AST3462,Feeder_Cable,SUB_NORTH,2004-01-01,2002,22,4,0.15,C3,34783 AED,5217.45 AED
AST3463,Power_Transformer,SUB_NORTH,2019-01-01,2017,7,2,0.03,C4,42001 AED,1260.03 AED
AST3464,Feeder_Cable,SUB_CENTRAL,2023-01-01,2023,3,1,0.01,C4,48676 AED,486.76 AED
AST3465,Power_Transformer,SUB_WEST,1998-01-01,1997,28,4,0.15,C4,35798 AED,5369.7 AED
AST3466,Distribution_Transformer,SUB_EAST,1987-01-01,1986,39,5,0.3,C1,7341 AED,2202.3 AED
AST3467,Feeder_Cable,SUB_NORTH,1994-01-01,1994,32,5,0.3,C2,14362 AED,4308.6 AED
AST3468,Feeder_Cable,SUB_NORTH,2010-01-01,2010,16,3,0.07,C2,14553 AED,1018.71 AED
AST3469,Distribution_Transformer,SUB_WEST,2005-01-01,2004,21,4,0.15,C2,15748 AED,2362.2 AED
AST3470,Feeder_Cable,SUB_NORTH,2024-01-01,2021,2,1,0.01,C1,7650 AED,76.5 AED
AST3471,Protection_Relay,SUB_CENTRAL,2006-01-01,2006,20,3,0.07,C2,15963 AED,1117.41 AED
AST3472,Switchgear,SUB_EAST,2011-01-01,2008,15,3,0.07,C2,17525 AED,1226.75 AED
AST3473,Switchgear,SUB_SOUTH,2002-01-01,2002,24,4,0.15,C4,45379 AED,6806.85 AED
AST3474,Feeder_Cable,SUB_EAST,2006-01-01,2003,20,3,0.07,C3,32935 AED,2305.45 AED
AST3475,Power_Transformer,SUB_EAST,2003-01-01,2002,23,4,0.15,C4,46484 AED,6972.6 AED
AST3476,Distribution_Transformer,SUB_SOUTH,2023-01-01,2023,3,1,0.01,C4,43047 AED,430.47 AED
AST3477,Protection_Relay,SUB_CENTRAL,1993-01-01,1990,33,5,0.3,C2,14263 AED,4278.9 AED
AST3478,Switchgear,SUB_CENTRAL,1997-01-01,1995,29,4,0.15,C1,5328 AED,799.2 AED
AST3479,Distribution_Transformer,SUB_WEST,2010-01-01,2009,16,3,0.07,C2,12640 AED,884.8 AED
AST3480,Switchgear,SUB_NORTH,1986-01-01,1985,40,5,0.3,C4,42078 AED,12623.4 AED
AST3481,Feeder_Cable,SUB_SOUTH,2022-01-01,2019,4,1,0.01,C3,23384 AED,233.84 AED
AST3482,Feeder_Cable,SUB_NORTH,2016-01-01,2015,10,2,0.03,C4,46269 AED,1388.07 AED
AST3483,Feeder_Cable,SUB_SOUTH,1990-01-01,1988,36,5,0.3,C2,15057 AED,4517.1 AED
AST3484,Switchgear,SUB_WEST,1987-01-01,1986,39,5,0.3,C3,22799 AED,6839.7 AED
AST3485,Circuit_Breaker,SUB_SOUTH,2006-01-01,2005,20,3,0.07,C4,45105 AED,3157.35 AED
AST3486,Switchgear,SUB_CENTRAL,1994-01-01,1993,32,5,0.3,C2,11042 AED,3312.6 AED
AST3487,Distribution_Transformer,SUB_SOUTH,2005-01-01,2005,21,4,0.15,C4,48998 AED,7349.7 AED
AST3488,Circuit_Breaker,SUB_SOUTH,2011-01-01,2009,15,3,0.07,C4,45411 AED,3178.77 AED
AST3489,Protection_Relay,SUB_EAST,1994-01-01,1991,32,5,0.3,C4,37076 AED,11122.8 AED
AST3490,Distribution_Transformer,SUB_NORTH,1990-01-01,1990,36,5,0.3,C1,8452 AED,2535.6 AED
AST3491,Protection_Relay,SUB_EAST,2004-01-01,2002,22,4,0.15,C2,19334 AED,2900.1 AED
AST3492,Feeder_Cable,SUB_SOUTH,2002-01-01,2001,24,4,0.15,C1,6354 AED,953.1 AED
AST3493,Switchgear,SUB_WEST,1992-01-01,1990,34,5,0.3,C3,33916 AED,10174.8 AED
AST3494,Feeder_Cable,SUB_EAST,2022-01-01,2021,4,1,0.01,C3,28042 AED,280.42 AED
AST3495,Switchgear,SUB_NORTH,2001-01-01,2001,25,4,0.15,C3,22393 AED,3358.95 AED
AST3496,Distribution_Transformer,SUB_SOUTH,1996-01-01,1995,30,4,0.15,C1,8081 AED,1212.15 AED
AST3497,Distribution_Transformer,SUB_WEST,1998-01-01,1997,28,4,0.15,C2,14442 AED,2166.3 AED
AST3498,Distribution_Transformer,SUB_NORTH,1996-01-01,1995,30,4,0.15,C4,47593 AED,7138.95 AED
AST3499,Circuit_Breaker,SUB_NORTH,1987-01-01,1986,39,5,0.3,C1,7071 AED,2121.3 AED
AST3500,Distribution_Transformer,SUB_WEST,2011-01-01,2009,15,3,0.07,C4,49411 AED,3458.77 AED
AST3501,Feeder_Cable,SUB_NORTH,1985-01-01,1985,41,5,0.3,C2,19174 AED,5752.2 AED
AST3502,Circuit_Breaker,SUB_SOUTH,2005-01-01,2002,21,4,0.15,C2,16639 AED,2495.85 AED
AST3503,Power_Transformer,SUB_NORTH,1996-01-01,1993,30,4,0.15,C3,31514 AED,4727.1 AED
AST3504,Protection_Relay,SUB_NORTH,1997-01-01,1995,29,4,0.15,C4,44706 AED,6705.9 AED
AST3505,Circuit_Breaker,SUB_NORTH,1991-01-01,1989,35,5,0.3,C4,49407 AED,14822.1 AED
AST3506,Circuit_Breaker,SUB_SOUTH,1987-01-01,1985,39,5,0.3,C2,17126 AED,5137.8 AED
AST3507,Distribution_Transformer,SUB_WEST,2005-01-01,2004,21,4,0.15,C3,28476 AED,4271.4 AED
AST3508,Protection_Relay,SUB_CENTRAL,2017-01-01,2017,9,2,0.03,C3,27778 AED,833.34 AED
AST3509,Feeder_Cable,SUB_SOUTH,2003-01-01,2002,23,4,0.15,C4,48213 AED,7231.95 AED
AST3510,Power_Transformer,SUB_NORTH,2011-01-01,2009,15,3,0.07,C3,32409 AED,2268.63 AED
AST3511,Circuit_Breaker,SUB_EAST,2003-01-01,2000,23,4,0.15,C3,31249 AED,4687.35 AED
AST3512,Power_Transformer,SUB_EAST,2011-01-01,2010,15,3,0.07,C4,40317 AED,2822.19 AED
AST3513,Distribution_Transformer,SUB_SOUTH,2006-01-01,2004,20,3,0.07,C4,39829 AED,2788.03 AED
AST3514,Switchgear,SUB_SOUTH,1996-01-01,1995,30,4,0.15,C4,39568 AED,5935.2 AED
AST3515,Protection_Relay,SUB_CENTRAL,2002-01-01,2002,24,4,0.15,C2,11882 AED,1782.3 AED
AST3516,Distribution_Transformer,SUB_NORTH,2014-01-01,2013,12,3,0.07,C3,23486 AED,1644.02 AED
AST3517,Feeder_Cable,SUB_WEST,1994-01-01,1993,32,5,0.3,C3,23553 AED,7065.9 AED
AST3518,Switchgear,SUB_SOUTH,2005-01-01,2005,21,4,0.15,C2,14259 AED,2138.85 AED
AST3519,Power_Transformer,SUB_SOUTH,1999-01-01,1996,27,4,0.15,C2,13935 AED,2090.25 AED
AST3520,Feeder_Cable,SUB_EAST,1989-01-01,1989,37,5,0.3,C3,34145 AED,10243.5 AED
AST3521,Circuit_Breaker,SUB_CENTRAL,1994-01-01,1994,32,5,0.3,C4,45905 AED,13771.5 AED
AST3522,Circuit_Breaker,SUB_NORTH,2015-01-01,2014,11,3,0.07,C4,41781 AED,2924.67 AED
AST3523,Feeder_Cable,SUB_SOUTH,2005-01-01,2003,21,4,0.15,C3,30416 AED,4562.4 AED
AST3524,Feeder_Cable,SUB_WEST,1992-01-01,1990,34,5,0.3,C2,12674 AED,3802.2 AED
AST3525,Power_Transformer,SUB_NORTH,2011-01-01,2011,15,3,0.07,C2,15942 AED,1115.94 AED
AST3526,Protection_Relay,SUB_NORTH,2022-01-01,2022,4,1,0.01,C3,26301 AED,263.01 AED
AST3527,Protection_Relay,SUB_CENTRAL,1997-01-01,1996,29,4,0.15,C4,44667 AED,6700.05 AED
AST3528,Protection_Relay,SUB_NORTH,2009-01-01,2009,17,3,0.07,C1,5251 AED,367.57 AED
AST3529,Distribution_Transformer,SUB_SOUTH,2018-01-01,2015,8,2,0.03,C4,41381 AED,1241.43 AED
AST3530,Switchgear,SUB_CENTRAL,2013-01-01,2010,13,3,0.07,C2,12992 AED,909.44 AED
AST3531,Switchgear,SUB_WEST,2001-01-01,2001,25,4,0.15,C1,9305 AED,1395.75 AED
AST3532,Distribution_Transformer,SUB_WEST,2004-01-01,2002,22,4,0.15,C1,6595 AED,989.25 AED
AST3533,Switchgear,SUB_NORTH,2020-01-01,2018,6,2,0.03,C3,34653 AED,1039.59 AED
AST3534,Feeder_Cable,SUB_WEST,2003-01-01,2000,23,4,0.15,C2,12793 AED,1918.95 AED
AST3535,Power_Transformer,SUB_SOUTH,1992-01-01,1992,34,5,0.3,C4,35590 AED,10677.0 AED
AST3536,Switchgear,SUB_CENTRAL,2004-01-01,2002,22,4,0.15,C1,7136 AED,1070.4 AED
AST3537,Protection_Relay,SUB_WEST,1997-01-01,1996,29,4,0.15,C3,26463 AED,3969.45 AED
AST3538,Switchgear,SUB_WEST,2017-01-01,2016,9,2,0.03,C3,30990 AED,929.7 AED
AST3539,Feeder_Cable,SUB_NORTH,1990-01-01,1990,36,5,0.3,C4,46069 AED,13820.7 AED
AST3540,Power_Transformer,SUB_NORTH,2010-01-01,2009,16,3,0.07,C4,46589 AED,3261.23 AED
AST3541,Power_Transformer,SUB_CENTRAL,2007-01-01,2005,19,3,0.07,C2,17874 AED,1251.18 AED
AST3542,Distribution_Transformer,SUB_EAST,2014-01-01,2012,12,3,0.07,C3,25027 AED,1751.89 AED
AST3543,Distribution_Transformer,SUB_NORTH,2019-01-01,2017,7,2,0.03,C3,29078 AED,872.34 AED
AST3544,Switchgear,SUB_CENTRAL,2006-01-01,2005,20,3,0.07,C2,15348 AED,1074.36 AED
AST3545,Protection_Relay,SUB_EAST,2003-01-01,2001,23,4,0.15,C3,27571 AED,4135.65 AED
AST3546,Switchgear,SUB_CENTRAL,2006-01-01,2004,20,3,0.07,C2,15570 AED,1089.9 AED
AST3547,Circuit_Breaker,SUB_EAST,2023-01-01,2020,3,1,0.01,C3,34189 AED,341.89 AED
AST3548,Power_Transformer,SUB_SOUTH,2001-01-01,1999,25,4,0.15,C2,19749 AED,2962.35 AED
AST3549,Distribution_Transformer,SUB_NORTH,2016-01-01,2013,10,2,0.03,C1,8864 AED,265.92 AED
AST3550,Circuit_Breaker,SUB_CENTRAL,2001-01-01,2001,25,4,0.15,C4,38283 AED,5742.45 AED
AST3551,Feeder_Cable,SUB_EAST,1993-01-01,1990,33,5,0.3,C3,32285 AED,9685.5 AED
AST3552,Power_Transformer,SUB_EAST,2001-01-01,2000,25,4,0.15,C4,48765 AED,7314.75 AED
AST3553,Distribution_Transformer,SUB_CENTRAL,2014-01-01,2013,12,3,0.07,C2,12076 AED,845.32 AED
AST3554,Circuit_Breaker,SUB_NORTH,2006-01-01,2006,20,3,0.07,C2,17641 AED,1234.87 AED
AST3555,Feeder_Cable,SUB_WEST,2014-01-01,2011,12,3,0.07,C4,46328 AED,3242.96 AED
AST3556,Power_Transformer,SUB_WEST,2010-01-01,2009,16,3,0.07,C4,41506 AED,2905.42 AED
AST3557,Protection_Relay,SUB_CENTRAL,2006-01-01,2003,20,3,0.07,C4,42132 AED,2949.24 AED
AST3558,Switchgear,SUB_SOUTH,2024-01-01,2022,2,1,0.01,C3,33381 AED,333.81 AED
AST3559,Feeder_Cable,SUB_WEST,1994-01-01,1991,32,5,0.3,C2,14188 AED,4256.4 AED
AST3560,Feeder_Cable,SUB_CENTRAL,1991-01-01,1988,35,5,0.3,C3,34250 AED,10275.0 AED
AST3561,Distribution_Transformer,SUB_SOUTH,1991-01-01,1991,35,5,0.3,C3,32338 AED,9701.4 AED
AST3562,Switchgear,SUB_WEST,1998-01-01,1995,28,4,0.15,C1,6156 AED,923.4 AED
AST3563,Feeder_Cable,SUB_NORTH,1997-01-01,1994,29,4,0.15,C4,45708 AED,6856.2 AED
AST3564,Protection_Relay,SUB_SOUTH,1993-01-01,1991,33,5,0.3,C1,8805 AED,2641.5 AED
AST3565,Power_Transformer,SUB_WEST,1987-01-01,1987,39,5,0.3,C1,5462 AED,1638.6 AED
AST3566,Circuit_Breaker,SUB_CENTRAL,2007-01-01,2006,19,3,0.07,C3,31245 AED,2187.15 AED
AST3567,Feeder_Cable,SUB_SOUTH,2004-01-01,2004,22,4,0.15,C4,42825 AED,6423.75 AED
AST3568,Feeder_Cable,SUB_CENTRAL,1991-01-01,1988,35,5,0.3,C3,30658 AED,9197.4 AED
AST3569,Circuit_Breaker,SUB_NORTH,2012-01-01,2012,14,3,0.07,C2,17361 AED,1215.27 AED
AST3570,Switchgear,SUB_WEST,2005-01-01,2002,21,4,0.15,C1,8089 AED,1213.35 AED
AST3571,Distribution_Transformer,SUB_EAST,2016-01-01,2013,10,2,0.03,C4,36286 AED,1088.58 AED
AST3572,Switchgear,SUB_SOUTH,2010-01-01,2008,16,3,0.07,C1,6908 AED,483.56 AED
AST3573,Distribution_Transformer,SUB_NORTH,2022-01-01,2021,4,1,0.01,C4,44559 AED,445.59 AED
AST3574,Power_Transformer,SUB_CENTRAL,2000-01-01,1997,26,4,0.15,C1,6431 AED,964.65 AED
AST3575,Distribution_Transformer,SUB_EAST,2000-01-01,2000,26,4,0.15,C3,22810 AED,3421.5 AED
AST3576,Protection_Relay,SUB_SOUTH,2000-01-01,2000,26,4,0.15,C2,16225 AED,2433.75 AED
AST3577,Feeder_Cable,SUB_EAST,1995-01-01,1994,31,5,0.3,C4,42867 AED,12860.1 AED
AST3578,Protection_Relay,SUB_NORTH,2012-01-01,2009,14,3,0.07,C4,47298 AED,3310.86 AED
AST3579,Feeder_Cable,SUB_CENTRAL,2021-01-01,2018,5,1,0.01,C3,24081 AED,240.81 AED
AST3580,Protection_Relay,SUB_CENTRAL,2009-01-01,2006,17,3,0.07,C3,30222 AED,2115.54 AED
AST3581,Power_Transformer,SUB_EAST,2005-01-01,2002,21,4,0.15,C3,23871 AED,3580.65 AED
AST3582,Distribution_Transformer,SUB_NORTH,1988-01-01,1988,38,5,0.3,C3,23853 AED,7155.9 AED
AST3583,Switchgear,SUB_NORTH,2019-01-01,2017,7,2,0.03,C2,18123 AED,543.69 AED
AST3584,Protection_Relay,SUB_NORTH,2016-01-01,2015,10,2,0.03,C1,7001 AED,210.03 AED
AST3585,Switchgear,SUB_CENTRAL,1999-01-01,1997,27,4,0.15,C3,34412 AED,5161.8 AED
AST3586,Switchgear,SUB_EAST,1992-01-01,1991,34,5,0.3,C2,18883 AED,5664.9 AED
AST3587,Distribution_Transformer,SUB_SOUTH,2007-01-01,2004,19,3,0.07,C4,41849 AED,2929.43 AED
AST3588,Switchgear,SUB_WEST,2015-01-01,2012,11,3,0.07,C3,24670 AED,1726.9 AED
AST3589,Power_Transformer,SUB_EAST,1987-01-01,1987,39,5,0.3,C1,9847 AED,2954.1 AED
AST3590,Power_Transformer,SUB_EAST,2000-01-01,1997,26,4,0.15,C2,12365 AED,1854.75 AED
AST3591,Switchgear,SUB_CENTRAL,1991-01-01,1990,35,5,0.3,C4,43525 AED,13057.5 AED
AST3592,Circuit_Breaker,SUB_WEST,2014-01-01,2014,12,3,0.07,C3,21654 AED,1515.78 AED
AST3593,Feeder_Cable,SUB_WEST,2000-01-01,1997,26,4,0.15,C4,47247 AED,7087.05 AED
AST3594,Switchgear,SUB_EAST,2018-01-01,2015,8,2,0.03,C3,23241 AED,697.23 AED
AST3595,Switchgear,SUB_WEST,1993-01-01,1991,33,5,0.3,C3,21872 AED,6561.6 AED
AST3596,Distribution_Transformer,SUB_NORTH,2006-01-01,2005,20,3,0.07,C2,10137 AED,709.59 AED
AST3597,Distribution_Transformer,SUB_SOUTH,2023-01-01,2021,3,1,0.01,C3,26746 AED,267.46 AED
AST3598,Feeder_Cable,SUB_SOUTH,2014-01-01,2013,12,3,0.07,C3,30165 AED,2111.55 AED
AST3599,Protection_Relay,SUB_NORTH,1996-01-01,1993,30,4,0.15,C2,16189 AED,2428.35 AED
AST3600,Feeder_Cable,SUB_SOUTH,1985-01-01,1985,41,5,0.3,C3,31227 AED,9368.1 AED
AST3601,Switchgear,SUB_SOUTH,2022-01-01,2021,4,1,0.01,C1,8535 AED,85.35 AED
AST3602,Distribution_Transformer,SUB_NORTH,1989-01-01,1986,37,5,0.3,C2,18574 AED,5572.2 AED
AST3603,Distribution_Transformer,SUB_NORTH,1993-01-01,1992,33,5,0.3,C2,11193 AED,3357.9 AED
AST3604,Distribution_Transformer,SUB_NORTH,2013-01-01,2012,13,3,0.07,C2,10777 AED,754.39 AED
AST3605,Switchgear,SUB_EAST,2003-01-01,2001,23,4,0.15,C3,32770 AED,4915.5 AED
AST3606,Distribution_Transformer,SUB_CENTRAL,2008-01-01,2005,18,3,0.07,C3,22242 AED,1556.94 AED
AST3607,Power_Transformer,SUB_EAST,2020-01-01,2019,6,2,0.03,C4,44584 AED,1337.52 AED
AST3608,Power_Transformer,SUB_SOUTH,2011-01-01,2011,15,3,0.07,C4,48292 AED,3380.44 AED
AST3609,Circuit_Breaker,SUB_CENTRAL,2022-01-01,2021,4,1,0.01,C4,43451 AED,434.51 AED
AST3610,Feeder_Cable,SUB_EAST,1989-01-01,1987,37,5,0.3,C3,25957 AED,7787.1 AED
AST3611,Distribution_Transformer,SUB_EAST,2021-01-01,2021,5,1,0.01,C2,17398 AED,173.98 AED
AST3612,Feeder_Cable,SUB_CENTRAL,1995-01-01,1993,31,5,0.3,C4,40118 AED,12035.4 AED
AST3613,Protection_Relay,SUB_SOUTH,1991-01-01,1989,35,5,0.3,C4,45353 AED,13605.9 AED
AST3614,Protection_Relay,SUB_SOUTH,1988-01-01,1985,38,5,0.3,C3,32161 AED,9648.3 AED
AST3615,Protection_Relay,SUB_SOUTH,2005-01-01,2002,21,4,0.15,C4,41412 AED,6211.8 AED
AST3616,Power_Transformer,SUB_SOUTH,2003-01-01,2000,23,4,0.15,C4,40733 AED,6109.95 AED
AST3617,Circuit_Breaker,SUB_CENTRAL,2015-01-01,2013,11,3,0.07,C1,8832 AED,618.24 AED
AST3618,Circuit_Breaker,SUB_WEST,2008-01-01,2007,18,3,0.07,C1,6544 AED,458.08 AED
AST3619,Protection_Relay,SUB_EAST,2002-01-01,2000,24,4,0.15,C3,20772 AED,3115.8 AED
AST3620,Power_Transformer,SUB_SOUTH,1994-01-01,1994,32,5,0.3,C3,29274 AED,8782.2 AED
AST3621,Power_Transformer,SUB_CENTRAL,1987-01-01,1986,39,5,0.3,C3,21910 AED,6573.0 AED
AST3622,Protection_Relay,SUB_NORTH,2014-01-01,2013,12,3,0.07,C4,37852 AED,2649.64 AED
AST3623,Distribution_Transformer,SUB_EAST,2010-01-01,2008,16,3,0.07,C3,34954 AED,2446.78 AED
AST3624,Feeder_Cable,SUB_WEST,2007-01-01,2006,19,3,0.07,C1,6583 AED,460.81 AED
AST3625,Distribution_Transformer,SUB_WEST,2004-01-01,2002,22,4,0.15,C3,30544 AED,4581.6 AED
AST3626,Feeder_Cable,SUB_SOUTH,2013-01-01,2010,13,3,0.07,C3,33223 AED,2325.61 AED
AST3627,Power_Transformer,SUB_NORTH,2022-01-01,2019,4,1,0.01,C3,29537 AED,295.37 AED
AST3628,Distribution_Transformer,SUB_NORTH,2021-01-01,2019,5,1,0.01,C4,46642 AED,466.42 AED
AST3629,Circuit_Breaker,SUB_WEST,2004-01-01,2004,22,4,0.15,C4,39486 AED,5922.9 AED
AST3630,Circuit_Breaker,SUB_SOUTH,2011-01-01,2010,15,3,0.07,C2,19037 AED,1332.59 AED
AST3631,Circuit_Breaker,SUB_SOUTH,2009-01-01,2007,17,3,0.07,C3,20052 AED,1403.64 AED
AST3632,Power_Transformer,SUB_WEST,2019-01-01,2016,7,2,0.03,C3,32821 AED,984.63 AED
AST3633,Power_Transformer,SUB_NORTH,1992-01-01,1991,34,5,0.3,C3,34184 AED,10255.2 AED
AST3634,Power_Transformer,SUB_CENTRAL,2020-01-01,2018,6,2,0.03,C3,33757 AED,1012.71 AED
AST3635,Power_Transformer,SUB_NORTH,2023-01-01,2022,3,1,0.01,C3,29908 AED,299.08 AED
AST3636,Protection_Relay,SUB_NORTH,1995-01-01,1994,31,5,0.3,C2,13558 AED,4067.4 AED
AST3637,Circuit_Breaker,SUB_SOUTH,2006-01-01,2005,20,3,0.07,C2,16729 AED,1171.03 AED
AST3638,Switchgear,SUB_WEST,1998-01-01,1995,28,4,0.15,C1,9112 AED,1366.8 AED
AST3639,Distribution_Transformer,SUB_NORTH,1997-01-01,1994,29,4,0.15,C2,17696 AED,2654.4 AED
AST3640,Switchgear,SUB_SOUTH,1997-01-01,1997,29,4,0.15,C1,8349 AED,1252.35 AED
AST3641,Switchgear,SUB_SOUTH,2016-01-01,2013,10,2,0.03,C1,5462 AED,163.86 AED
AST3642,Distribution_Transformer,SUB_CENTRAL,1992-01-01,1990,34,5,0.3,C4,41432 AED,12429.6 AED
AST3643,Power_Transformer,SUB_CENTRAL,1986-01-01,1985,40,5,0.3,C4,42199 AED,12659.7 AED
AST3644,Distribution_Transformer,SUB_NORTH,2015-01-01,2014,11,3,0.07,C4,49825 AED,3487.75 AED
AST3645,Power_Transformer,SUB_CENTRAL,1998-01-01,1995,28,4,0.15,C2,19930 AED,2989.5 AED
AST3646,Distribution_Transformer,SUB_SOUTH,2006-01-01,2003,20,3,0.07,C3,23605 AED,1652.35 AED
AST3647,Power_Transformer,SUB_NORTH,2014-01-01,2011,12,3,0.07,C2,14824 AED,1037.68 AED
AST3648,Power_Transformer,SUB_WEST,2005-01-01,2002,21,4,0.15,C4,43531 AED,6529.65 AED
AST3649,Protection_Relay,SUB_CENTRAL,1993-01-01,1990,33,5,0.3,C2,10222 AED,3066.6 AED
AST3650,Circuit_Breaker,SUB_CENTRAL,2005-01-01,2005,21,4,0.15,C3,21352 AED,3202.8 AED
AST3651,Protection_Relay,SUB_NORTH,2002-01-01,2001,24,4,0.15,C2,17859 AED,2678.85 AED
AST3652,Distribution_Transformer,SUB_WEST,1995-01-01,1992,31,5,0.3,C4,40902 AED,12270.6 AED
AST3653,Circuit_Breaker,SUB_SOUTH,2011-01-01,2009,15,3,0.07,C4,36922 AED,2584.54 AED
AST3654,Feeder_Cable,SUB_NORTH,1999-01-01,1997,27,4,0.15,C2,15461 AED,2319.15 AED
AST3655,Switchgear,SUB_WEST,1998-01-01,1995,28,4,0.15,C2,15416 AED,2312.4 AED
AST3656,Feeder_Cable,SUB_NORTH,2019-01-01,2019,7,2,0.03,C4,44441 AED,1333.23 AED
AST3657,Feeder_Cable,SUB_SOUTH,1991-01-01,1991,35,5,0.3,C2,12076 AED,3622.8 AED
AST3658,Feeder_Cable,SUB_CENTRAL,1993-01-01,1992,33,5,0.3,C3,27404 AED,8221.2 AED
AST3659,Circuit_Breaker,SUB_NORTH,2012-01-01,2012,14,3,0.07,C3,25266 AED,1768.62 AED
AST3660,Circuit_Breaker,SUB_EAST,1991-01-01,1989,35,5,0.3,C3,28515 AED,8554.5 AED
AST3661,Protection_Relay,SUB_CENTRAL,1996-01-01,1993,30,4,0.15,C3,34597 AED,5189.55 AED
AST3662,Protection_Relay,SUB_WEST,2023-01-01,2021,3,1,0.01,C2,17792 AED,177.92 AED
AST3663,Feeder_Cable,SUB_CENTRAL,2012-01-01,2012,14,3,0.07,C4,44031 AED,3082.17 AED
AST3664,Feeder_Cable,SUB_SOUTH,2015-01-01,2014,11,3,0.07,C2,11547 AED,808.29 AED
AST3665,Power_Transformer,SUB_EAST,2006-01-01,2005,20,3,0.07,C1,7725 AED,540.75 AED
AST3666,Distribution_Transformer,SUB_SOUTH,2004-01-01,2002,22,4,0.15,C4,48206 AED,7230.9 AED
AST3667,Protection_Relay,SUB_SOUTH,1996-01-01,1993,30,4,0.15,C4,46300 AED,6945.0 AED
AST3668,Distribution_Transformer,SUB_EAST,1990-01-01,1990,36,5,0.3,C3,30047 AED,9014.1 AED
AST3669,Feeder_Cable,SUB_CENTRAL,1985-01-01,1985,41,5,0.3,C2,10205 AED,3061.5 AED
AST3670,Feeder_Cable,SUB_EAST,2014-01-01,2012,12,3,0.07,C1,9044 AED,633.08 AED
AST3671,Feeder_Cable,SUB_WEST,2009-01-01,2008,17,3,0.07,C4,47282 AED,3309.74 AED
AST3672,Feeder_Cable,SUB_WEST,1992-01-01,1991,34,5,0.3,C1,6848 AED,2054.4 AED
AST3673,Protection_Relay,SUB_EAST,2011-01-01,2008,15,3,0.07,C3,24543 AED,1718.01 AED
AST3674,Power_Transformer,SUB_CENTRAL,2005-01-01,2003,21,4,0.15,C4,48015 AED,7202.25 AED
AST3675,Protection_Relay,SUB_SOUTH,2008-01-01,2007,18,3,0.07,C4,48661 AED,3406.27 AED
AST3676,Protection_Relay,SUB_WEST,2022-01-01,2022,4,1,0.01,C4,37890 AED,378.9 AED
AST3677,Circuit_Breaker,SUB_EAST,2023-01-01,2023,3,1,0.01,C2,16498 AED,164.98 AED
AST3678,Circuit_Breaker,SUB_EAST,2026-01-01,2023,0,1,0.01,C1,5460 AED,54.6 AED
AST3679,Feeder_Cable,SUB_EAST,2017-01-01,2015,9,2,0.03,C4,41332 AED,1239.96 AED
AST3680,Distribution_Transformer,SUB_SOUTH,2016-01-01,2014,10,2,0.03,C3,29873 AED,896.19 AED
AST3681,Distribution_Transformer,SUB_WEST,2010-01-01,2010,16,3,0.07,C4,42255 AED,2957.85 AED
AST3682,Distribution_Transformer,SUB_WEST,2017-01-01,2017,9,2,0.03,C4,45076 AED,1352.28 AED
AST3683,Feeder_Cable,SUB_NORTH,1994-01-01,1994,32,5,0.3,C3,30742 AED,9222.6 AED
AST3684,Switchgear,SUB_NORTH,2008-01-01,2005,18,3,0.07,C4,37598 AED,2631.86 AED
AST3685,Switchgear,SUB_EAST,2007-01-01,2007,19,3,0.07,C3,23167 AED,1621.69 AED
AST3686,Feeder_Cable,SUB_EAST,2004-01-01,2002,22,4,0.15,C3,22353 AED,3352.95 AED
AST3687,Distribution_Transformer,SUB_CENTRAL,1988-01-01,1986,38,5,0.3,C1,7074 AED,2122.2 AED
AST3688,Power_Transformer,SUB_CENTRAL,2007-01-01,2004,19,3,0.07,C4,49001 AED,3430.07 AED
AST3689,Protection_Relay,SUB_EAST,2023-01-01,2023,3,1,0.01,C3,31610 AED,316.1 AED
AST3690,Feeder_Cable,SUB_WEST,1991-01-01,1990,35,5,0.3,C3,25928 AED,7778.4 AED
AST3691,Distribution_Transformer,SUB_NORTH,2013-01-01,2013,13,3,0.07,C1,6284 AED,439.88 AED
AST3692,Switchgear,SUB_SOUTH,2021-01-01,2019,5,1,0.01,C4,43896 AED,438.96 AED
AST3693,Power_Transformer,SUB_NORTH,2023-01-01,2021,3,1,0.01,C4,48549 AED,485.49 AED
AST3694,Switchgear,SUB_EAST,2010-01-01,2009,16,3,0.07,C4,39046 AED,2733.22 AED
AST3695,Circuit_Breaker,SUB_SOUTH,1988-01-01,1985,38,5,0.3,C2,17257 AED,5177.1 AED
AST3696,Protection_Relay,SUB_CENTRAL,2022-01-01,2021,4,1,0.01,C4,36100 AED,361.0 AED
AST3697,Feeder_Cable,SUB_EAST,2017-01-01,2014,9,2,0.03,C3,20276 AED,608.28 AED
AST3698,Circuit_Breaker,SUB_WEST,1999-01-01,1996,27,4,0.15,C4,47589 AED,7138.35 AED
AST3699,Circuit_Breaker,SUB_NORTH,2010-01-01,2007,16,3,0.07,C2,16353 AED,1144.71 AED
